<?xml version="1.0" encoding="UTF-8"?>
<project-private xmlns="http://www.netbeans.org/ns/project-private/1">
    <editor-bookmarks xmlns="http://www.netbeans.org/ns/editor-bookmarks/2" lastBookmarkId="0"/>
    <open-files xmlns="http://www.netbeans.org/ns/projectui-open-files/2">
        <group>
            <file>file:/I:/MPLABX/v6.15/PIC18F442/adc_lcd_1.X/config.h</file>
            <file>file:/I:/MPLABX/v6.15/PIC18F442/adc_lcd_1.X/main.c</file>
            <file>file:/I:/MPLABX/v6.15/PIC18F442/adc_lcd_1.X/lcd.h</file>
            <file>file:/I:/MPLABX/v6.15/PIC18F442/adc_lcd_1.X/lcd.c</file>
        </group>
    </open-files>
</project-private>
